trial,testing,parameters,initial_deadline,final_deadline,net_reward,actions,success
1,FALSE,"{'a': 0.1, 'e': 0.7936000000000001}",20,0,-98.79599342,"{0: 11, 1: 4, 2: 3, 3: 1, 4: 1}",0
2,FALSE,"{'a': 0.1, 'e': 0.7872512}",30,0,-201.2168338,"{0: 18, 1: 2, 2: 5, 3: 2, 4: 3}",0
3,FALSE,"{'a': 0.1, 'e': 0.7809531904}",20,0,-113.4329313,"{0: 13, 1: 2, 2: 2, 3: 1, 4: 2}",0
4,FALSE,"{'a': 0.1, 'e': 0.7747055648768}",20,0,-150.7986957,"{0: 10, 1: 2, 2: 5, 3: 1, 4: 2}",0
5,FALSE,"{'a': 0.1, 'e': 0.7685079203577856}",25,0,-120.6964739,"{0: 12, 1: 3, 2: 8, 3: 2, 4: 0}",0
6,FALSE,"{'a': 0.1, 'e': 0.7623598569949234}",25,0,-110.2833082,"{0: 17, 1: 2, 2: 2, 3: 3, 4: 1}",0
7,FALSE,"{'a': 0.1, 'e': 0.756260978138964}",30,0,-175.7084296,"{0: 17, 1: 1, 2: 9, 3: 1, 4: 2}",0
8,FALSE,"{'a': 0.1, 'e': 0.7502108903138522}",20,0,-60.05024498,"{0: 12, 1: 3, 2: 4, 3: 1, 4: 0}",0
9,FALSE,"{'a': 0.1, 'e': 0.7442092031913414}",25,0,-79.53751417,"{0: 15, 1: 3, 2: 6, 3: 1, 4: 0}",0
10,FALSE,"{'a': 0.1, 'e': 0.7382555295658106}",20,0,-131.9487806,"{0: 11, 1: 1, 2: 6, 3: 0, 4: 2}",0
11,FALSE,"{'a': 0.1, 'e': 0.7323494853292841}",25,5,-115.0213908,"{0: 12, 1: 3, 2: 3, 3: 0, 4: 2}",1
12,FALSE,"{'a': 0.1, 'e': 0.7264906894466499}",20,0,-42.43506478,"{0: 16, 1: 1, 2: 2, 3: 0, 4: 1}",0
13,FALSE,"{'a': 0.1, 'e': 0.7206787639310767}",20,0,-99.99466791,"{0: 11, 1: 4, 2: 3, 3: 1, 4: 1}",0
14,FALSE,"{'a': 0.1, 'e': 0.7149133338196281}",30,2,-41.59251673,"{0: 22, 1: 4, 2: 1, 3: 0, 4: 1}",1
15,FALSE,"{'a': 0.1, 'e': 0.7091940271490711}",25,8,-0.425763895,"{0: 15, 1: 0, 2: 2, 3: 0, 4: 0}",1
16,FALSE,"{'a': 0.1, 'e': 0.7035204749318784}",20,0,-28.73852521,"{0: 15, 1: 0, 2: 5, 3: 0, 4: 0}",0
17,FALSE,"{'a': 0.1, 'e': 0.6978923111324234}",25,0,-99.14802228,"{0: 17, 1: 1, 2: 4, 3: 2, 4: 1}",0
18,FALSE,"{'a': 0.1, 'e': 0.692309172643364}",25,0,-88.87330345,"{0: 18, 1: 1, 2: 4, 3: 1, 4: 1}",0
19,FALSE,"{'a': 0.1, 'e': 0.6867706992622171}",25,0,-150.0729672,"{0: 16, 1: 1, 2: 5, 3: 0, 4: 3}",0
20,FALSE,"{'a': 0.1, 'e': 0.6812765336681195}",30,0,-147.9704849,"{0: 19, 1: 2, 2: 6, 3: 1, 4: 2}",0
21,FALSE,"{'a': 0.1, 'e': 0.6758263213987744}",20,0,-161.6419733,"{0: 9, 1: 1, 2: 7, 3: 1, 4: 2}",0
22,FALSE,"{'a': 0.1, 'e': 0.6704197108275842}",20,0,-125.3915595,"{0: 15, 1: 0, 2: 2, 3: 0, 4: 3}",0
23,FALSE,"{'a': 0.1, 'e': 0.6650563531409636}",20,0,-61.06277757,"{0: 15, 1: 1, 2: 3, 3: 0, 4: 1}",0
24,FALSE,"{'a': 0.1, 'e': 0.6597359023158358}",35,0,-176.5566425,"{0: 20, 1: 5, 2: 6, 3: 2, 4: 2}",0
25,FALSE,"{'a': 0.1, 'e': 0.6544580150973092}",20,10,-22.17500037,"{0: 7, 1: 1, 2: 1, 3: 1, 4: 0}",1
26,FALSE,"{'a': 0.1, 'e': 0.6492223509765307}",20,9,-6.618633472,"{0: 8, 1: 1, 2: 2, 3: 0, 4: 0}",1
27,FALSE,"{'a': 0.1, 'e': 0.6440285721687184}",20,0,-151.2203515,"{0: 12, 1: 1, 2: 4, 3: 0, 4: 3}",0
28,FALSE,"{'a': 0.1, 'e': 0.6388763435913687}",30,8,-67.80211828,"{0: 15, 1: 2, 2: 2, 3: 3, 4: 0}",1
29,FALSE,"{'a': 0.1, 'e': 0.6337653328426377}",25,0,-158.6012075,"{0: 16, 1: 0, 2: 4, 3: 3, 4: 2}",0
30,FALSE,"{'a': 0.1, 'e': 0.6286952101798966}",20,6,-49.76780861,"{0: 10, 1: 0, 2: 3, 3: 0, 4: 1}",1
31,FALSE,"{'a': 0.1, 'e': 0.6236656484984575}",35,0,-11.1219362,"{0: 30, 1: 2, 2: 2, 3: 1, 4: 0}",0
32,FALSE,"{'a': 0.1, 'e': 0.6186763233104697}",25,0,-91.38908039,"{0: 16, 1: 3, 2: 4, 3: 1, 4: 1}",0
33,FALSE,"{'a': 0.1, 'e': 0.6137269127239859}",20,10,-14.57659019,"{0: 8, 1: 1, 2: 0, 3: 1, 4: 0}",1
34,FALSE,"{'a': 0.1, 'e': 0.6088170974221941}",25,0,-175.8324189,"{0: 14, 1: 1, 2: 7, 3: 0, 4: 3}",0
35,FALSE,"{'a': 0.1, 'e': 0.6039465606428166}",25,11,-102.3908904,"{0: 8, 1: 1, 2: 3, 3: 0, 4: 2}",1
36,FALSE,"{'a': 0.1, 'e': 0.5991149881576739}",20,12,1.027036849,"{0: 7, 1: 0, 2: 1, 3: 0, 4: 0}",1
37,FALSE,"{'a': 0.1, 'e': 0.5943220682524125}",20,0,-48.99569512,"{0: 12, 1: 2, 2: 6, 3: 0, 4: 0}",0
38,FALSE,"{'a': 0.1, 'e': 0.5895674917063933}",25,0,-127.4997223,"{0: 19, 1: 0, 2: 0, 3: 4, 4: 2}",0
39,FALSE,"{'a': 0.1, 'e': 0.5848509517727422}",30,0,-158.4530043,"{0: 19, 1: 5, 2: 2, 3: 1, 4: 3}",0
40,FALSE,"{'a': 0.1, 'e': 0.5801721441585602}",20,2,-79.81011577,"{0: 14, 1: 1, 2: 1, 3: 0, 4: 2}",1
41,FALSE,"{'a': 0.1, 'e': 0.5755307670052917}",20,0,-23.54583371,"{0: 17, 1: 0, 2: 2, 3: 1, 4: 0}",0
42,FALSE,"{'a': 0.1, 'e': 0.5709265208692494}",25,2,17.92130233,"{0: 22, 1: 0, 2: 1, 3: 0, 4: 0}",1
43,FALSE,"{'a': 0.1, 'e': 0.5663591087022953}",30,17,-40.48588915,"{0: 7, 1: 4, 2: 1, 3: 1, 4: 0}",1
44,FALSE,"{'a': 0.1, 'e': 0.561828235832677}",25,0,-88.93734782,"{0: 17, 1: 2, 2: 4, 3: 1, 4: 1}",0
45,FALSE,"{'a': 0.1, 'e': 0.5573336099460157}",20,14,11.9655576,"{0: 6, 1: 0, 2: 0, 3: 0, 4: 0}",1
46,FALSE,"{'a': 0.1, 'e': 0.5528749410664474}",20,0,-126.0469113,"{0: 13, 1: 1, 2: 2, 3: 2, 4: 2}",0
47,FALSE,"{'a': 0.1, 'e': 0.5484519415379159}",30,0,-82.35175026,"{0: 23, 1: 3, 2: 2, 3: 0, 4: 2}",0
48,FALSE,"{'a': 0.1, 'e': 0.5440643260056126}",25,8,-23.26891036,"{0: 13, 1: 2, 2: 1, 3: 1, 4: 0}",1
49,FALSE,"{'a': 0.1, 'e': 0.5397118113975676}",30,0,-120.087753,"{0: 21, 1: 2, 2: 3, 3: 3, 4: 1}",0
50,FALSE,"{'a': 0.1, 'e': 0.5353941169063872}",30,7,-78.23676067,"{0: 14, 1: 6, 2: 1, 3: 1, 4: 1}",1
51,FALSE,"{'a': 0.1, 'e': 0.531110963971136}",35,7,-31.76560667,"{0: 24, 1: 1, 2: 2, 3: 0, 4: 1}",1
52,FALSE,"{'a': 0.1, 'e': 0.5268620762593669}",25,0,-69.11945446,"{0: 19, 1: 0, 2: 5, 3: 0, 4: 1}",0
53,FALSE,"{'a': 0.1, 'e': 0.522647179649292}",20,0,-9.481063684,"{0: 16, 1: 2, 2: 2, 3: 0, 4: 0}",0
54,FALSE,"{'a': 0.1, 'e': 0.5184660022120976}",25,0,-124.7717006,"{0: 19, 1: 0, 2: 1, 3: 3, 4: 2}",0
55,FALSE,"{'a': 0.1, 'e': 0.5143182741944008}",25,0,-113.4368997,"{0: 17, 1: 2, 2: 3, 3: 1, 4: 2}",0
56,FALSE,"{'a': 0.1, 'e': 0.5102037280008456}",30,8,-93.97560886,"{0: 16, 1: 0, 2: 4, 3: 0, 4: 2}",1
57,FALSE,"{'a': 0.1, 'e': 0.5061220981768388}",25,10,-43.45861547,"{0: 12, 1: 0, 2: 2, 3: 0, 4: 1}",1
58,FALSE,"{'a': 0.1, 'e': 0.5020731213914241}",20,0,2.737781565,"{0: 18, 1: 0, 2: 2, 3: 0, 4: 0}",0
59,FALSE,"{'a': 0.1, 'e': 0.4980565364202928}",20,0,-35.67599606,"{0: 15, 1: 0, 2: 4, 3: 1, 4: 0}",0
60,FALSE,"{'a': 0.1, 'e': 0.4940720841289304}",25,0,-107.5766512,"{0: 18, 1: 2, 2: 2, 3: 1, 4: 2}",0
61,FALSE,"{'a': 0.1, 'e': 0.490119507455899}",20,4,-16.17535718,"{0: 12, 1: 2, 2: 2, 3: 0, 4: 0}",1
62,FALSE,"{'a': 0.1, 'e': 0.4861985513962518}",25,5,5.550357873,"{0: 18, 1: 0, 2: 2, 3: 0, 4: 0}",1
63,FALSE,"{'a': 0.1, 'e': 0.48230896298508175}",20,0,-56.82719573,"{0: 13, 1: 1, 2: 5, 3: 1, 4: 0}",0
64,FALSE,"{'a': 0.1, 'e': 0.4784504912812011}",20,3,-0.05349414,"{0: 15, 1: 0, 2: 2, 3: 0, 4: 0}",1
65,FALSE,"{'a': 0.1, 'e': 0.4746228873509515}",25,0,-30.75068149,"{0: 19, 1: 3, 2: 2, 3: 1, 4: 0}",0
66,FALSE,"{'a': 0.1, 'e': 0.4708259042521439}",30,0,-153.57652,"{0: 22, 1: 2, 2: 2, 3: 0, 4: 4}",0
67,FALSE,"{'a': 0.1, 'e': 0.4670592970181267}",20,0,-107.6942154,"{0: 13, 1: 1, 2: 4, 3: 0, 4: 2}",0
68,FALSE,"{'a': 0.1, 'e': 0.4633228226419817}",20,0,8.707687277,"{0: 18, 1: 0, 2: 2, 3: 0, 4: 0}",0
69,FALSE,"{'a': 0.1, 'e': 0.45961624006084584}",25,0,-61.87539157,"{0: 22, 1: 0, 2: 1, 3: 0, 4: 2}",0
70,FALSE,"{'a': 0.1, 'e': 0.45593931014035904}",30,0,-90.23822465,"{0: 23, 1: 1, 2: 4, 3: 0, 4: 2}",1
71,FALSE,"{'a': 0.1, 'e': 0.45229179565923616}",30,14,-58.72841494,"{0: 11, 1: 1, 2: 3, 3: 0, 4: 1}",1
72,FALSE,"{'a': 0.1, 'e': 0.4486734612939623}",30,11,-10.20966128,"{0: 18, 1: 0, 2: 0, 3: 0, 4: 1}",1
73,FALSE,"{'a': 0.1, 'e': 0.44508407360361063}",20,0,-52.45517391,"{0: 14, 1: 3, 2: 2, 3: 0, 4: 1}",0
74,FALSE,"{'a': 0.1, 'e': 0.4415234010147817}",25,11,-3.643185535,"{0: 11, 1: 1, 2: 2, 3: 0, 4: 0}",1
75,FALSE,"{'a': 0.1, 'e': 0.4379912138066635}",30,0,-74.83796074,"{0: 23, 1: 1, 2: 2, 3: 4, 4: 0}",0
76,FALSE,"{'a': 0.1, 'e': 0.4344872840962102}",20,6,0.288114736,"{0: 11, 1: 2, 2: 1, 3: 0, 4: 0}",1
77,FALSE,"{'a': 0.1, 'e': 0.4310113858234405}",20,0,-24.51018826,"{0: 16, 1: 1, 2: 2, 3: 1, 4: 0}",0
78,FALSE,"{'a': 0.1, 'e': 0.42756329473685295}",30,0,-93.24107477,"{0: 23, 1: 2, 2: 3, 3: 0, 4: 2}",0
79,FALSE,"{'a': 0.1, 'e': 0.42414278837895814}",20,13,0.43586124,"{0: 6, 1: 0, 2: 1, 3: 0, 4: 0}",1
80,FALSE,"{'a': 0.1, 'e': 0.42074964607192644}",20,0,-90.86711564,"{0: 12, 1: 3, 2: 3, 3: 1, 4: 1}",0
81,FALSE,"{'a': 0.1, 'e': 0.41738364890335106}",25,0,0.113744841,"{0: 22, 1: 0, 2: 3, 3: 0, 4: 0}",0
82,FALSE,"{'a': 0.1, 'e': 0.41404457971212416}",30,3,10.81112172,"{0: 24, 1: 2, 2: 0, 3: 1, 4: 0}",1
83,FALSE,"{'a': 0.1, 'e': 0.4107322230744272}",20,0,-8.6757749,"{0: 17, 1: 0, 2: 3, 3: 0, 4: 0}",0
84,FALSE,"{'a': 0.1, 'e': 0.40744636528983175}",20,0,-14.60506022,"{0: 16, 1: 2, 2: 1, 3: 1, 4: 0}",0
85,FALSE,"{'a': 0.1, 'e': 0.4041867943675131}",25,0,-47.36137909,"{0: 23, 1: 0, 2: 0, 3: 0, 4: 2}",0
86,FALSE,"{'a': 0.1, 'e': 0.400953300012573}",25,0,-57.9121712,"{0: 19, 1: 1, 2: 4, 3: 0, 4: 1}",0
87,FALSE,"{'a': 0.1, 'e': 0.3977456736124725}",30,0,-86.27404208,"{0: 21, 1: 1, 2: 7, 3: 0, 4: 1}",0
88,FALSE,"{'a': 0.1, 'e': 0.3945637082235727}",25,0,-133.9411977,"{0: 19, 1: 0, 2: 2, 3: 1, 4: 3}",0
89,FALSE,"{'a': 0.1, 'e': 0.39140719855778405}",25,17,10.31947348,"{0: 8, 1: 0, 2: 0, 3: 0, 4: 0}",1
90,FALSE,"{'a': 0.1, 'e': 0.3882759409693218}",20,0,-81.37399681,"{0: 13, 1: 2, 2: 3, 3: 1, 4: 1}",0
91,FALSE,"{'a': 0.1, 'e': 0.38516973344156724}",20,0,-32.93264445,"{0: 17, 1: 1, 2: 1, 3: 0, 4: 1}",0
92,FALSE,"{'a': 0.1, 'e': 0.3820883755740347}",20,0,13.83971788,"{0: 18, 1: 1, 2: 1, 3: 0, 4: 0}",0
93,FALSE,"{'a': 0.1, 'e': 0.37903166856944237}",20,0,-20.66881006,"{0: 18, 1: 1, 2: 0, 3: 0, 4: 1}",0
94,FALSE,"{'a': 0.1, 'e': 0.37599941522088687}",30,6,-52.02811183,"{0: 19, 1: 0, 2: 3, 3: 1, 4: 1}",1
95,FALSE,"{'a': 0.1, 'e': 0.37299141989911977}",20,0,-40.89692611,"{0: 16, 1: 1, 2: 2, 3: 0, 4: 1}",0
96,FALSE,"{'a': 0.1, 'e': 0.3700074885399268}",25,0,-36.8402616,"{0: 21, 1: 0, 2: 2, 3: 2, 4: 0}",0
97,FALSE,"{'a': 0.1, 'e': 0.3670474286316074}",30,16,-16.54953065,"{0: 12, 1: 0, 2: 0, 3: 2, 4: 0}",1
98,FALSE,"{'a': 0.1, 'e': 0.36411104920255455}",20,0,-43.78823423,"{0: 14, 1: 3, 2: 1, 3: 2, 4: 0}",0
99,FALSE,"{'a': 0.1, 'e': 0.3611981608089341}",25,0,-94.7939184,"{0: 20, 1: 0, 2: 2, 3: 1, 4: 2}",0
100,FALSE,"{'a': 0.1, 'e': 0.35830857552246265}",35,9,-5.671428411,"{0: 23, 1: 0, 2: 2, 3: 1, 4: 0}",1
101,FALSE,"{'a': 0.1, 'e': 0.35544210691828293}",20,0,-85.09770258,"{0: 16, 1: 0, 2: 1, 3: 1, 4: 2}",0
102,FALSE,"{'a': 0.1, 'e': 0.35259857006293666}",20,0,-10.44665049,"{0: 17, 1: 1, 2: 1, 3: 1, 4: 0}",0
103,FALSE,"{'a': 0.1, 'e': 0.34977778150243316}",20,13,3.595435979,"{0: 6, 1: 0, 2: 1, 3: 0, 4: 0}",1
104,FALSE,"{'a': 0.1, 'e': 0.3469795592504137}",25,0,-7.836879465,"{0: 22, 1: 0, 2: 2, 3: 1, 4: 0}",0
105,FALSE,"{'a': 0.1, 'e': 0.34420372277641037}",20,6,22.32929983,"{0: 14, 1: 0, 2: 0, 3: 0, 4: 0}",1
106,FALSE,"{'a': 0.1, 'e': 0.3414500929941991}",20,6,-33.20677177,"{0: 10, 1: 1, 2: 2, 3: 1, 4: 0}",1
107,FALSE,"{'a': 0.1, 'e': 0.33871849225024553}",30,21,-1.188898894,"{0: 7, 1: 1, 2: 1, 3: 0, 4: 0}",1
108,FALSE,"{'a': 0.1, 'e': 0.33600874431224353}",30,6,-68.99384258,"{0: 17, 1: 1, 2: 5, 3: 0, 4: 1}",1
109,FALSE,"{'a': 0.1, 'e': 0.3333206743577456}",30,18,-17.41412198,"{0: 11, 1: 0, 2: 0, 3: 0, 4: 1}",1
110,FALSE,"{'a': 0.1, 'e': 0.3306541089628836}",35,0,-103.3558994,"{0: 27, 1: 4, 2: 0, 3: 2, 4: 2}",0
111,FALSE,"{'a': 0.1, 'e': 0.32800887609118057}",20,11,3.219881716,"{0: 8, 1: 0, 2: 1, 3: 0, 4: 0}",1
112,FALSE,"{'a': 0.1, 'e': 0.32538480508245105}",20,5,1.268151256,"{0: 13, 1: 0, 2: 2, 3: 0, 4: 0}",1
113,FALSE,"{'a': 0.1, 'e': 0.32278172664179144}",25,0,20.37980642,"{0: 23, 1: 1, 2: 1, 3: 0, 4: 0}",0
114,FALSE,"{'a': 0.1, 'e': 0.3201994728286572}",20,0,8.377537047,"{0: 18, 1: 0, 2: 2, 3: 0, 4: 0}",0
115,FALSE,"{'a': 0.1, 'e': 0.3176378770460279}",30,9,-1.730585495,"{0: 17, 1: 2, 2: 2, 3: 0, 4: 0}",1
116,FALSE,"{'a': 0.1, 'e': 0.3150967740296597}",20,10,-18.98763827,"{0: 8, 1: 0, 2: 1, 3: 1, 4: 0}",1
117,FALSE,"{'a': 0.1, 'e': 0.3125759998374224}",30,17,15.77816602,"{0: 12, 1: 1, 2: 0, 3: 0, 4: 0}",1
118,FALSE,"{'a': 0.1, 'e': 0.310075391838723}",25,9,-60.4436314,"{0: 13, 1: 0, 2: 0, 3: 2, 4: 1}",1
119,FALSE,"{'a': 0.1, 'e': 0.3075947887040132}",20,0,10.03279612,"{0: 18, 1: 1, 2: 1, 3: 0, 4: 0}",0
120,FALSE,"{'a': 0.1, 'e': 0.3051340303943811}",20,6,9.140680137,"{0: 13, 1: 0, 2: 1, 3: 0, 4: 0}",1
121,FALSE,"{'a': 0.1, 'e': 0.3026929581512261}",25,2,-60.71933493,"{0: 18, 1: 1, 2: 2, 3: 1, 4: 1}",1
122,FALSE,"{'a': 0.1, 'e': 0.30027141448601624}",20,1,-3.672288396,"{0: 16, 1: 1, 2: 2, 3: 0, 4: 0}",1
123,FALSE,"{'a': 0.1, 'e': 0.29786924317012814}",25,0,-75.64409825,"{0: 21, 1: 0, 2: 2, 3: 0, 4: 2}",0
124,FALSE,"{'a': 0.1, 'e': 0.2954862892247671}",20,0,-42.65624764,"{0: 17, 1: 1, 2: 0, 3: 1, 4: 1}",0
125,FALSE,"{'a': 0.1, 'e': 0.293122398910969}",25,3,-27.76718268,"{0: 19, 1: 0, 2: 2, 3: 0, 4: 1}",1
126,FALSE,"{'a': 0.1, 'e': 0.2907774197196812}",25,2,28.27641135,"{0: 22, 1: 1, 2: 0, 3: 0, 4: 0}",1
127,FALSE,"{'a': 0.1, 'e': 0.28845120036192373}",25,16,-14.83497384,"{0: 6, 1: 1, 2: 2, 3: 0, 4: 0}",1
128,FALSE,"{'a': 0.1, 'e': 0.28614359075902834}",25,8,-0.419748517,"{0: 14, 1: 1, 2: 2, 3: 0, 4: 0}",1
129,FALSE,"{'a': 0.1, 'e': 0.2838544420329561}",20,0,-20.51140334,"{0: 18, 1: 1, 2: 0, 3: 0, 4: 1}",1
130,FALSE,"{'a': 0.1, 'e': 0.28158360649669245}",20,0,-81.56123078,"{0: 15, 1: 1, 2: 2, 3: 0, 4: 2}",0
131,FALSE,"{'a': 0.1, 'e': 0.27933093764471895}",20,12,3.983618998,"{0: 7, 1: 0, 2: 1, 3: 0, 4: 0}",1
132,FALSE,"{'a': 0.1, 'e': 0.27709629014356113}",20,2,-122.3539924,"{0: 13, 1: 0, 2: 2, 3: 0, 4: 3}",1
133,FALSE,"{'a': 0.1, 'e': 0.2748795198224127}",25,18,-29.68089174,"{0: 6, 1: 0, 2: 0, 3: 0, 4: 1}",1
134,FALSE,"{'a': 0.1, 'e': 0.2726804836638334}",25,5,25.88483561,"{0: 19, 1: 1, 2: 0, 3: 0, 4: 0}",1
135,FALSE,"{'a': 0.1, 'e': 0.2704990397945227}",20,7,-38.46939098,"{0: 10, 1: 1, 2: 1, 3: 0, 4: 1}",1
136,FALSE,"{'a': 0.1, 'e': 0.2683350474761665}",20,0,-98.525335,"{0: 15, 1: 0, 2: 2, 3: 1, 4: 2}",0
137,FALSE,"{'a': 0.1, 'e': 0.2661883670963572}",20,10,19.28565102,"{0: 10, 1: 0, 2: 0, 3: 0, 4: 0}",1
138,FALSE,"{'a': 0.1, 'e': 0.2640588601595863}",20,1,-9.659289785,"{0: 18, 1: 0, 2: 0, 3: 0, 4: 1}",1
139,FALSE,"{'a': 0.1, 'e': 0.26194638927830965}",20,0,-34.39517433,"{0: 17, 1: 1, 2: 1, 3: 0, 4: 1}",0
140,FALSE,"{'a': 0.1, 'e': 0.2598508181640832}",20,2,-12.53673636,"{0: 15, 1: 1, 2: 1, 3: 1, 4: 0}",1
141,FALSE,"{'a': 0.1, 'e': 0.25777201161877045}",25,2,18.21735996,"{0: 21, 1: 1, 2: 1, 3: 0, 4: 0}",1
142,FALSE,"{'a': 0.1, 'e': 0.25570983552582033}",30,8,-3.848552372,"{0: 20, 1: 0, 2: 1, 3: 1, 4: 0}",1
143,FALSE,"{'a': 0.1, 'e': 0.25366415684161375}",30,0,21.57390141,"{0: 28, 1: 1, 2: 1, 3: 0, 4: 0}",0
144,FALSE,"{'a': 0.1, 'e': 0.2516348435868809}",20,7,19.57108149,"{0: 13, 1: 0, 2: 0, 3: 0, 4: 0}",1
145,FALSE,"{'a': 0.1, 'e': 0.24962176483818582}",20,1,21.52727824,"{0: 18, 1: 0, 2: 1, 3: 0, 4: 0}",1
146,FALSE,"{'a': 0.1, 'e': 0.24762479071948032}",25,1,-45.57192276,"{0: 19, 1: 2, 2: 1, 3: 1, 4: 1}",1
147,FALSE,"{'a': 0.1, 'e': 0.24564379239372447}",20,12,19.47591786,"{0: 8, 1: 0, 2: 0, 3: 0, 4: 0}",1
148,FALSE,"{'a': 0.1, 'e': 0.24367864205457465}",25,14,-13.35639108,"{0: 8, 1: 1, 2: 2, 3: 0, 4: 0}",1
149,FALSE,"{'a': 0.1, 'e': 0.24172921291813806}",20,8,13.93473101,"{0: 11, 1: 1, 2: 0, 3: 0, 4: 0}",1
150,FALSE,"{'a': 0.1, 'e': 0.239795379214793}",20,2,-12.92462247,"{0: 15, 1: 0, 2: 2, 3: 1, 4: 0}",1
151,FALSE,"{'a': 0.1, 'e': 0.2378770161810746}",20,8,-4.0728716,"{0: 10, 1: 1, 2: 0, 3: 1, 4: 0}",1
152,FALSE,"{'a': 0.1, 'e': 0.23597400005162605}",20,0,-25.81998562,"{0: 16, 1: 2, 2: 0, 3: 2, 4: 0}",0
153,FALSE,"{'a': 0.1, 'e': 0.234086208051213}",35,14,-27.89192418,"{0: 18, 1: 0, 2: 2, 3: 0, 4: 1}",1
154,FALSE,"{'a': 0.1, 'e': 0.23221351838680332}",25,0,-12.16026956,"{0: 21, 1: 0, 2: 4, 3: 0, 4: 0}",0
155,FALSE,"{'a': 0.1, 'e': 0.23035581023970889}",25,0,14.41826112,"{0: 23, 1: 0, 2: 2, 3: 0, 4: 0}",0
156,FALSE,"{'a': 0.1, 'e': 0.22851296375779118}",35,9,-13.91823169,"{0: 21, 1: 0, 2: 5, 3: 0, 4: 0}",1
157,FALSE,"{'a': 0.1, 'e': 0.2266848600477289}",25,0,-18.88254938,"{0: 23, 1: 0, 2: 1, 3: 0, 4: 1}",0
158,FALSE,"{'a': 0.1, 'e': 0.22487138116734703}",30,22,0.963529553,"{0: 7, 1: 0, 2: 1, 3: 0, 4: 0}",1
159,FALSE,"{'a': 0.1, 'e': 0.22307241011800827}",30,11,18.66404794,"{0: 17, 1: 2, 2: 0, 3: 0, 4: 0}",1
160,FALSE,"{'a': 0.1, 'e': 0.2212878308370642}",25,17,-7.789295178,"{0: 7, 1: 0, 2: 0, 3: 1, 4: 0}",1
161,FALSE,"{'a': 0.1, 'e': 0.21951752819036768}",30,15,0.17144268,"{0: 13, 1: 0, 2: 2, 3: 0, 4: 0}",1
162,FALSE,"{'a': 0.1, 'e': 0.21776138796484476}",25,0,-49.7001924,"{0: 20, 1: 0, 2: 4, 3: 0, 4: 1}",0
163,FALSE,"{'a': 0.1, 'e': 0.21601929686112598}",30,6,3.328141929,"{0: 21, 1: 2, 2: 0, 3: 1, 4: 0}",1
164,FALSE,"{'a': 0.1, 'e': 0.21429114248623696}",30,0,-1.214798769,"{0: 29, 1: 0, 2: 0, 3: 0, 4: 1}",0
165,FALSE,"{'a': 0.1, 'e': 0.2125768133463471}",20,0,7.846887763,"{0: 19, 1: 0, 2: 0, 3: 1, 4: 0}",1
166,FALSE,"{'a': 0.1, 'e': 0.2108761988395763}",20,0,-22.05531939,"{0: 17, 1: 0, 2: 1, 3: 2, 4: 0}",0
167,FALSE,"{'a': 0.1, 'e': 0.20918918924885968}",20,7,17.29160046,"{0: 13, 1: 0, 2: 0, 3: 0, 4: 0}",1
168,FALSE,"{'a': 0.1, 'e': 0.20751567573486882}",30,10,31.41593098,"{0: 19, 1: 1, 2: 0, 3: 0, 4: 0}",1
169,FALSE,"{'a': 0.1, 'e': 0.20585555032898983}",20,4,23.04254959,"{0: 16, 1: 0, 2: 0, 3: 0, 4: 0}",1
170,FALSE,"{'a': 0.1, 'e': 0.20420870592635795}",20,10,19.0531629,"{0: 10, 1: 0, 2: 0, 3: 0, 4: 0}",1
171,FALSE,"{'a': 0.1, 'e': 0.20257503627894705}",25,8,15.72796415,"{0: 16, 1: 0, 2: 1, 3: 0, 4: 0}",1
172,FALSE,"{'a': 0.1, 'e': 0.20095443598871549}",20,12,-39.88483492,"{0: 6, 1: 0, 2: 1, 3: 0, 4: 1}",1
173,FALSE,"{'a': 0.1, 'e': 0.19934680050080578}",20,11,13.46005268,"{0: 9, 1: 0, 2: 0, 3: 0, 4: 0}",1
174,FALSE,"{'a': 0.1, 'e': 0.19775202609679932}",20,8,11.2509714,"{0: 11, 1: 0, 2: 1, 3: 0, 4: 0}",1
175,FALSE,"{'a': 0.1, 'e': 0.1961700098880249}",20,3,-33.53573146,"{0: 14, 1: 0, 2: 2, 3: 0, 4: 1}",1
176,FALSE,"{'a': 0.1, 'e': 0.19460064980892072}",25,15,-2.96181079,"{0: 9, 1: 0, 2: 0, 3: 1, 4: 0}",1
177,FALSE,"{'a': 0.1, 'e': 0.19304384461044935}",30,17,15.77529092,"{0: 12, 1: 1, 2: 0, 3: 0, 4: 0}",1
178,FALSE,"{'a': 0.1, 'e': 0.19149949385356577}",25,4,-0.555071429,"{0: 18, 1: 0, 2: 3, 3: 0, 4: 0}",1
179,FALSE,"{'a': 0.1, 'e': 0.18996749790273723}",20,8,12.00994998,"{0: 11, 1: 0, 2: 1, 3: 0, 4: 0}",1
180,FALSE,"{'a': 0.1, 'e': 0.18844775791951532}",30,0,9.838580966,"{0: 27, 1: 0, 2: 3, 3: 0, 4: 0}",0
181,FALSE,"{'a': 0.1, 'e': 0.18694017585615919}",20,11,19.55612806,"{0: 9, 1: 0, 2: 0, 3: 0, 4: 0}",1
182,FALSE,"{'a': 0.1, 'e': 0.1854446544493099}",20,3,21.893531,"{0: 17, 1: 0, 2: 0, 3: 0, 4: 0}",1
183,FALSE,"{'a': 0.1, 'e': 0.18396109721371545}",20,0,-9.20847222,"{0: 16, 1: 2, 2: 2, 3: 0, 4: 0}",0
184,FALSE,"{'a': 0.1, 'e': 0.18248940843600572}",30,18,10.97180726,"{0: 11, 1: 0, 2: 1, 3: 0, 4: 0}",1
185,FALSE,"{'a': 0.1, 'e': 0.18102949316851769}",20,5,11.39309887,"{0: 14, 1: 0, 2: 1, 3: 0, 4: 0}",1
186,FALSE,"{'a': 0.1, 'e': 0.17958125722316953}",20,0,-7.169532967,"{0: 16, 1: 2, 2: 2, 3: 0, 4: 0}",0
187,FALSE,"{'a': 0.1, 'e': 0.17814460716538416}",20,16,6.702552308,"{0: 4, 1: 0, 2: 0, 3: 0, 4: 0}",1
188,FALSE,"{'a': 0.1, 'e': 0.1767194503080611}",25,5,10.23474418,"{0: 18, 1: 0, 2: 2, 3: 0, 4: 0}",1
189,FALSE,"{'a': 0.1, 'e': 0.17530569470559662}",20,3,3.907445328,"{0: 16, 1: 0, 2: 0, 3: 1, 4: 0}",1
190,FALSE,"{'a': 0.1, 'e': 0.17390324914795185}",25,0,3.833094255,"{0: 22, 1: 0, 2: 3, 3: 0, 4: 0}",0
191,FALSE,"{'a': 0.1, 'e': 0.1725120231547682}",20,8,17.94758248,"{0: 12, 1: 0, 2: 0, 3: 0, 4: 0}",1
192,FALSE,"{'a': 0.1, 'e': 0.17113192696953006}",20,7,1.540758316,"{0: 10, 1: 2, 2: 1, 3: 0, 4: 0}",1
193,FALSE,"{'a': 0.1, 'e': 0.16976287155377384}",20,15,7.301225845,"{0: 5, 1: 0, 2: 0, 3: 0, 4: 0}",1
194,FALSE,"{'a': 0.1, 'e': 0.16840476858134365}",25,0,18.98380079,"{0: 23, 1: 1, 2: 1, 3: 0, 4: 0}",0
195,FALSE,"{'a': 0.1, 'e': 0.1670575304326929}",20,4,-6.152246975,"{0: 14, 1: 0, 2: 1, 3: 1, 4: 0}",1
196,FALSE,"{'a': 0.1, 'e': 0.16572107018923135}",30,10,23.88111827,"{0: 19, 1: 0, 2: 1, 3: 0, 4: 0}",1
197,FALSE,"{'a': 0.1, 'e': 0.1643953016277175}",20,9,-3.505033667,"{0: 9, 1: 0, 2: 2, 3: 0, 4: 0}",1
198,FALSE,"{'a': 0.1, 'e': 0.16308013921469577}",20,10,4.087035008,"{0: 9, 1: 0, 2: 1, 3: 0, 4: 0}",1
199,FALSE,"{'a': 0.1, 'e': 0.1617754981009782}",25,5,19.29976161,"{0: 19, 1: 0, 2: 1, 3: 0, 4: 0}",1
200,FALSE,"{'a': 0.1, 'e': 0.16048129411617038}",20,3,17.04362784,"{0: 16, 1: 0, 2: 1, 3: 0, 4: 0}",1
201,FALSE,"{'a': 0.1, 'e': 0.159197443763241}",20,8,-53.08809905,"{0: 8, 1: 0, 2: 3, 3: 0, 4: 1}",1
202,FALSE,"{'a': 0.1, 'e': 0.1579238642131351}",20,2,31.78317069,"{0: 18, 1: 0, 2: 0, 3: 0, 4: 0}",1
203,FALSE,"{'a': 0.1, 'e': 0.15666047329943}",20,12,14.02337213,"{0: 8, 1: 0, 2: 0, 3: 0, 4: 0}",1
204,FALSE,"{'a': 0.1, 'e': 0.15540718951303456}",20,0,12.44642511,"{0: 18, 1: 1, 2: 1, 3: 0, 4: 0}",0
205,FALSE,"{'a': 0.1, 'e': 0.15416393199693026}",25,2,24.70542129,"{0: 21, 1: 2, 2: 0, 3: 0, 4: 0}",1
206,FALSE,"{'a': 0.1, 'e': 0.15293062054095483}",25,17,13.445982,"{0: 8, 1: 0, 2: 0, 3: 0, 4: 0}",1
207,FALSE,"{'a': 0.1, 'e': 0.1517071755766272}",20,14,9.913962549,"{0: 6, 1: 0, 2: 0, 3: 0, 4: 0}",1
208,FALSE,"{'a': 0.1, 'e': 0.15049351817201417}",20,12,17.68885127,"{0: 8, 1: 0, 2: 0, 3: 0, 4: 0}",1
209,FALSE,"{'a': 0.1, 'e': 0.14928957002663806}",25,8,18.01187054,"{0: 16, 1: 0, 2: 1, 3: 0, 4: 0}",1
210,FALSE,"{'a': 0.1, 'e': 0.14809525346642494}",30,13,-20.26966605,"{0: 14, 1: 0, 2: 1, 3: 2, 4: 0}",1
211,FALSE,"{'a': 0.1, 'e': 0.14691049143869353}",30,4,-7.616769046,"{0: 22, 1: 1, 2: 2, 3: 1, 4: 0}",1
212,FALSE,"{'a': 0.1, 'e': 0.145735207507184}",20,11,9.735879422,"{0: 8, 1: 1, 2: 0, 3: 0, 4: 0}",1
213,FALSE,"{'a': 0.1, 'e': 0.14456932584712653}",25,1,14.33152403,"{0: 23, 1: 0, 2: 0, 3: 1, 4: 0}",1
214,FALSE,"{'a': 0.1, 'e': 0.1434127712403495}",20,2,17.86096773,"{0: 17, 1: 1, 2: 0, 3: 0, 4: 0}",1
215,FALSE,"{'a': 0.1, 'e': 0.1422654690704267}",20,4,24.34070554,"{0: 16, 1: 0, 2: 0, 3: 0, 4: 0}",1
216,FALSE,"{'a': 0.1, 'e': 0.14112734531786328}",25,10,-21.71495326,"{0: 13, 1: 0, 2: 1, 3: 0, 4: 1}",1
217,FALSE,"{'a': 0.1, 'e': 0.13999832655532038}",25,0,-74.58177879,"{0: 20, 1: 1, 2: 2, 3: 0, 4: 2}",0
218,FALSE,"{'a': 0.1, 'e': 0.13887833994287782}",25,0,-101.9797671,"{0: 19, 1: 0, 2: 3, 3: 1, 4: 2}",0
219,FALSE,"{'a': 0.1, 'e': 0.1377673132233348}",25,8,13.6220622,"{0: 15, 1: 1, 2: 1, 3: 0, 4: 0}",1
220,FALSE,"{'a': 0.1, 'e': 0.1366651747175481}",20,14,12.85066085,"{0: 6, 1: 0, 2: 0, 3: 0, 4: 0}",1
221,FALSE,"{'a': 0.1, 'e': 0.13557185331980773}",25,2,23.62900025,"{0: 22, 1: 0, 2: 1, 3: 0, 4: 0}",1
222,FALSE,"{'a': 0.1, 'e': 0.13448727849324926}",25,12,24.32395898,"{0: 13, 1: 0, 2: 0, 3: 0, 4: 0}",1
223,FALSE,"{'a': 0.1, 'e': 0.13341138026530328}",20,10,18.37599781,"{0: 10, 1: 0, 2: 0, 3: 0, 4: 0}",1
224,FALSE,"{'a': 0.1, 'e': 0.13234408922318083}",25,16,6.49247228,"{0: 8, 1: 1, 2: 0, 3: 0, 4: 0}",1
225,FALSE,"{'a': 0.1, 'e': 0.13128533650939542}",20,0,-39.18811056,"{0: 17, 1: 1, 2: 0, 3: 1, 4: 1}",0
226,FALSE,"{'a': 0.1, 'e': 0.13023505381732023}",20,0,-16.76217275,"{0: 18, 1: 1, 2: 0, 3: 0, 4: 1}",1
227,FALSE,"{'a': 0.1, 'e': 0.12919317338678168}",25,0,-58.32906044,"{0: 21, 1: 1, 2: 0, 3: 2, 4: 1}",0
228,FALSE,"{'a': 0.1, 'e': 0.12815962799968741}",25,0,37.73875264,"{0: 24, 1: 1, 2: 0, 3: 0, 4: 0}",0
229,FALSE,"{'a': 0.1, 'e': 0.1271343509756899}",25,0,8.667529076,"{0: 23, 1: 1, 2: 0, 3: 1, 4: 0}",0
230,FALSE,"{'a': 0.1, 'e': 0.1261172761678844}",20,13,9.987003656,"{0: 7, 1: 0, 2: 0, 3: 0, 4: 0}",1
231,FALSE,"{'a': 0.1, 'e': 0.12510833795854134}",30,11,-15.71620992,"{0: 17, 1: 0, 2: 1, 3: 0, 4: 1}",1
232,FALSE,"{'a': 0.1, 'e': 0.12410747125487298}",20,0,19.29975232,"{0: 19, 1: 0, 2: 1, 3: 0, 4: 0}",1
233,FALSE,"{'a': 0.1, 'e': 0.123114611484834}",30,0,-9.780293733,"{0: 26, 1: 2, 2: 1, 3: 1, 4: 0}",0
234,FALSE,"{'a': 0.1, 'e': 0.12212969459295533}",25,0,-3.061042833,"{0: 22, 1: 1, 2: 1, 3: 1, 4: 0}",0
235,FALSE,"{'a': 0.1, 'e': 0.12115265703621168}",25,10,15.45366386,"{0: 14, 1: 0, 2: 1, 3: 0, 4: 0}",1
236,FALSE,"{'a': 0.1, 'e': 0.120183435779922}",20,0,29.44848259,"{0: 20, 1: 0, 2: 0, 3: 0, 4: 0}",1
237,FALSE,"{'a': 0.1, 'e': 0.11922196829368262}",20,14,10.20202167,"{0: 6, 1: 0, 2: 0, 3: 0, 4: 0}",1
238,FALSE,"{'a': 0.1, 'e': 0.11826819254733317}",20,0,-13.04176023,"{0: 17, 1: 0, 2: 2, 3: 1, 4: 0}",1
239,FALSE,"{'a': 0.1, 'e': 0.11732204700695448}",20,0,10.98677194,"{0: 19, 1: 0, 2: 0, 3: 1, 4: 0}",0
240,FALSE,"{'a': 0.1, 'e': 0.11638347063089885}",25,0,37.00093476,"{0: 25, 1: 0, 2: 0, 3: 0, 4: 0}",0
241,FALSE,"{'a': 0.1, 'e': 0.11545240286585166}",30,0,11.58017338,"{0: 26, 1: 3, 2: 1, 3: 0, 4: 0}",0
242,FALSE,"{'a': 0.1, 'e': 0.11452878364292485}",20,7,-42.68987663,"{0: 11, 1: 0, 2: 0, 3: 1, 4: 1}",1
243,FALSE,"{'a': 0.1, 'e': 0.11361255337378146}",25,13,12.20215917,"{0: 11, 1: 1, 2: 0, 3: 0, 4: 0}",1
244,FALSE,"{'a': 0.1, 'e': 0.11270365294679119}",25,11,-48.1422051,"{0: 10, 1: 1, 2: 2, 3: 0, 4: 1}",1
245,FALSE,"{'a': 0.1, 'e': 0.11180202372321686}",20,0,11.24496588,"{0: 18, 1: 1, 2: 1, 3: 0, 4: 0}",0
246,FALSE,"{'a': 0.1, 'e': 0.11090760753343112}",25,18,0.531153868,"{0: 6, 1: 0, 2: 1, 3: 0, 4: 0}",1
247,FALSE,"{'a': 0.1, 'e': 0.11002034667316368}",25,3,34.78864513,"{0: 22, 1: 0, 2: 0, 3: 0, 4: 0}",1
248,FALSE,"{'a': 0.1, 'e': 0.10914018389977838}",30,14,-15.03196841,"{0: 15, 1: 0, 2: 0, 3: 0, 4: 1}",1
249,FALSE,"{'a': 0.1, 'e': 0.10826706242858014}",20,12,15.33035898,"{0: 8, 1: 0, 2: 0, 3: 0, 4: 0}",1
250,FALSE,"{'a': 0.1, 'e': 0.1074009259291515}",35,0,30.31954308,"{0: 34, 1: 0, 2: 0, 3: 1, 4: 0}",0
251,FALSE,"{'a': 0.1, 'e': 0.10654171852171829}",25,14,14.84078668,"{0: 10, 1: 1, 2: 0, 3: 0, 4: 0}",1
252,FALSE,"{'a': 0.1, 'e': 0.10568938477354456}",25,11,21.91998549,"{0: 14, 1: 0, 2: 0, 3: 0, 4: 0}",1
253,FALSE,"{'a': 0.1, 'e': 0.10484386969535618}",25,14,18.69553206,"{0: 11, 1: 0, 2: 0, 3: 0, 4: 0}",1
254,FALSE,"{'a': 0.1, 'e': 0.10400511873779333}",25,5,29.84991875,"{0: 20, 1: 0, 2: 0, 3: 0, 4: 0}",1
255,FALSE,"{'a': 0.1, 'e': 0.10317307778789098}",25,10,26.49876096,"{0: 15, 1: 0, 2: 0, 3: 0, 4: 0}",1
256,FALSE,"{'a': 0.1, 'e': 0.10234769316558785}",25,2,34.27041333,"{0: 23, 1: 0, 2: 0, 3: 0, 4: 0}",1
257,FALSE,"{'a': 0.1, 'e': 0.10152891162026315}",35,13,29.7311984,"{0: 21, 1: 0, 2: 1, 3: 0, 4: 0}",1
258,FALSE,"{'a': 0.1, 'e': 0.10071668032730104}",20,0,16.35755714,"{0: 19, 1: 0, 2: 1, 3: 0, 4: 0}",0
259,FALSE,"{'a': 0.1, 'e': 0.09991094688468265}",25,0,5.202732453,"{0: 22, 1: 1, 2: 2, 3: 0, 4: 0}",0
260,FALSE,"{'a': 0.1, 'e': 0.09911165930960518}",20,8,20.13381741,"{0: 12, 1: 0, 2: 0, 3: 0, 4: 0}",1
261,FALSE,"{'a': 0.1, 'e': 0.09831876603512835}",20,2,-13.20052911,"{0: 17, 1: 0, 2: 0, 3: 0, 4: 1}",1
262,FALSE,"{'a': 0.1, 'e': 0.09753221590684731}",20,0,27.34329695,"{0: 20, 1: 0, 2: 0, 3: 0, 4: 0}",0
263,FALSE,"{'a': 0.1, 'e': 0.09675195817959253}",20,7,23.34720613,"{0: 13, 1: 0, 2: 0, 3: 0, 4: 0}",1
264,FALSE,"{'a': 0.1, 'e': 0.0959779425141558}",25,13,-21.32731094,"{0: 9, 1: 0, 2: 2, 3: 1, 4: 0}",1
265,FALSE,"{'a': 0.1, 'e': 0.09521011897404254}",25,6,22.81168201,"{0: 18, 1: 1, 2: 0, 3: 0, 4: 0}",1
266,FALSE,"{'a': 0.1, 'e': 0.0944484380222502}",20,14,10.12300735,"{0: 6, 1: 0, 2: 0, 3: 0, 4: 0}",1
267,FALSE,"{'a': 0.1, 'e': 0.09369285051807219}",20,6,20.721577,"{0: 14, 1: 0, 2: 0, 3: 0, 4: 0}",1
268,FALSE,"{'a': 0.1, 'e': 0.09294330771392761}",20,3,-14.78074758,"{0: 16, 1: 0, 2: 0, 3: 0, 4: 1}",1
269,FALSE,"{'a': 0.1, 'e': 0.0921997612522162}",20,10,20.09770746,"{0: 10, 1: 0, 2: 0, 3: 0, 4: 0}",1
270,FALSE,"{'a': 0.1, 'e': 0.09146216316219846}",30,4,15.57557708,"{0: 24, 1: 0, 2: 2, 3: 0, 4: 0}",1
271,FALSE,"{'a': 0.1, 'e': 0.09073046585690088}",25,3,18.86621543,"{0: 21, 1: 0, 2: 1, 3: 0, 4: 0}",1
272,FALSE,"{'a': 0.1, 'e': 0.09000462213004568}",20,14,11.47535043,"{0: 6, 1: 0, 2: 0, 3: 0, 4: 0}",1
273,FALSE,"{'a': 0.1, 'e': 0.0892845851530053}",20,16,9.025523037,"{0: 4, 1: 0, 2: 0, 3: 0, 4: 0}",1
274,FALSE,"{'a': 0.1, 'e': 0.08857030847178127}",20,7,16.58312315,"{0: 12, 1: 1, 2: 0, 3: 0, 4: 0}",1
275,FALSE,"{'a': 0.1, 'e': 0.08786174600400702}",25,18,10.05819513,"{0: 7, 1: 0, 2: 0, 3: 0, 4: 0}",1
276,FALSE,"{'a': 0.1, 'e': 0.08715885203597495}",20,10,15.55172338,"{0: 10, 1: 0, 2: 0, 3: 0, 4: 0}",1
277,FALSE,"{'a': 0.1, 'e': 0.08646158121968717}",25,8,-32.87481367,"{0: 14, 1: 1, 2: 1, 3: 0, 4: 1}",1
278,FALSE,"{'a': 0.1, 'e': 0.08576988856992966}",20,0,20.08527407,"{0: 19, 1: 0, 2: 1, 3: 0, 4: 0}",0
279,FALSE,"{'a': 0.1, 'e': 0.08508372946137022}",20,0,-14.61194336,"{0: 18, 1: 1, 2: 0, 3: 0, 4: 1}",1
280,FALSE,"{'a': 0.1, 'e': 0.08440305962567926}",25,3,25.80221726,"{0: 21, 1: 0, 2: 1, 3: 0, 4: 0}",1
281,FALSE,"{'a': 0.1, 'e': 0.08372783514867382}",25,9,30.75158762,"{0: 16, 1: 0, 2: 0, 3: 0, 4: 0}",1
282,FALSE,"{'a': 0.1, 'e': 0.08305801246748444}",30,13,18.97739452,"{0: 16, 1: 0, 2: 1, 3: 0, 4: 0}",1
283,FALSE,"{'a': 0.1, 'e': 0.08239354836774455}",20,16,5.674431098,"{0: 4, 1: 0, 2: 0, 3: 0, 4: 0}",1
284,FALSE,"{'a': 0.1, 'e': 0.0817343999808026}",20,10,23.66208944,"{0: 10, 1: 0, 2: 0, 3: 0, 4: 0}",1
285,FALSE,"{'a': 0.1, 'e': 0.08108052478095618}",20,0,27.19510315,"{0: 20, 1: 0, 2: 0, 3: 0, 4: 0}",0
286,FALSE,"{'a': 0.1, 'e': 0.08043188058270853}",20,2,21.04469943,"{0: 17, 1: 1, 2: 0, 3: 0, 4: 0}",1
287,FALSE,"{'a': 0.1, 'e': 0.07978842553804687}",20,0,2.425423224,"{0: 18, 1: 0, 2: 1, 3: 1, 4: 0}",0
288,FALSE,"{'a': 0.1, 'e': 0.07915011813374248}",20,2,23.85835717,"{0: 17, 1: 1, 2: 0, 3: 0, 4: 0}",1
289,FALSE,"{'a': 0.1, 'e': 0.07851691718867254}",25,11,-18.15903341,"{0: 13, 1: 0, 2: 0, 3: 0, 4: 1}",1
290,FALSE,"{'a': 0.1, 'e': 0.07788878185116316}",25,0,27.18088596,"{0: 24, 1: 1, 2: 0, 3: 0, 4: 0}",0
291,FALSE,"{'a': 0.1, 'e': 0.07726567159635385}",30,18,8.27483414,"{0: 11, 1: 0, 2: 1, 3: 0, 4: 0}",1
292,FALSE,"{'a': 0.1, 'e': 0.07664754622358302}",25,13,-1.354146723,"{0: 11, 1: 0, 2: 0, 3: 1, 4: 0}",1
293,FALSE,"{'a': 0.1, 'e': 0.07603436585379436}",25,13,20.98976399,"{0: 12, 1: 0, 2: 0, 3: 0, 4: 0}",1
294,FALSE,"{'a': 0.1, 'e': 0.075426090926964}",20,2,11.18281875,"{0: 16, 1: 1, 2: 1, 3: 0, 4: 0}",1
295,FALSE,"{'a': 0.1, 'e': 0.07482268219954828}",20,5,-1.30127855,"{0: 13, 1: 0, 2: 2, 3: 0, 4: 0}",1
296,FALSE,"{'a': 0.1, 'e': 0.0742241007419519}",30,19,18.74242142,"{0: 11, 1: 0, 2: 0, 3: 0, 4: 0}",1
297,FALSE,"{'a': 0.1, 'e': 0.07363030793601628}",20,6,19.23611934,"{0: 14, 1: 0, 2: 0, 3: 0, 4: 0}",1
298,FALSE,"{'a': 0.1, 'e': 0.07304126547252816}",25,0,25.94281306,"{0: 24, 1: 0, 2: 1, 3: 0, 4: 0}",0
299,FALSE,"{'a': 0.1, 'e': 0.07245693534874793}",30,13,21.40638836,"{0: 16, 1: 0, 2: 1, 3: 0, 4: 0}",1
300,FALSE,"{'a': 0.1, 'e': 0.07187727986595795}",20,1,9.45109758,"{0: 18, 1: 0, 2: 0, 3: 1, 4: 0}",1
301,FALSE,"{'a': 0.1, 'e': 0.07130226162703028}",20,0,27.09932214,"{0: 20, 1: 0, 2: 0, 3: 0, 4: 0}",0
302,FALSE,"{'a': 0.1, 'e': 0.07073184353401404}",30,14,27.54926453,"{0: 16, 1: 0, 2: 0, 3: 0, 4: 0}",1
303,FALSE,"{'a': 0.1, 'e': 0.07016598878574193}",30,8,42.1397749,"{0: 22, 1: 0, 2: 0, 3: 0, 4: 0}",1
304,FALSE,"{'a': 0.1, 'e': 0.069604660875456}",25,7,20.32343503,"{0: 17, 1: 0, 2: 1, 3: 0, 4: 0}",1
305,FALSE,"{'a': 0.1, 'e': 0.06904782358845234}",25,14,16.34078284,"{0: 11, 1: 0, 2: 0, 3: 0, 4: 0}",1
306,FALSE,"{'a': 0.1, 'e': 0.06849544099974472}",20,0,2.350643647,"{0: 17, 1: 2, 2: 1, 3: 0, 4: 0}",0
307,FALSE,"{'a': 0.1, 'e': 0.06794747747174677}",25,8,30.401872,"{0: 17, 1: 0, 2: 0, 3: 0, 4: 0}",1
308,FALSE,"{'a': 0.1, 'e': 0.06740389765197279}",20,2,25.14774618,"{0: 18, 1: 0, 2: 0, 3: 0, 4: 0}",1
309,FALSE,"{'a': 0.1, 'e': 0.066864666470757}",20,6,-15.60774882,"{0: 13, 1: 0, 2: 0, 3: 0, 4: 1}",1
310,FALSE,"{'a': 0.1, 'e': 0.06632974913899095}",30,18,23.51727772,"{0: 12, 1: 0, 2: 0, 3: 0, 4: 0}",1
311,FALSE,"{'a': 0.1, 'e': 0.06579911114587902}",30,13,30.40629859,"{0: 17, 1: 0, 2: 0, 3: 0, 4: 0}",1
312,FALSE,"{'a': 0.1, 'e': 0.06527271825671199}",25,0,17.33582213,"{0: 24, 1: 0, 2: 0, 3: 1, 4: 0}",0
313,FALSE,"{'a': 0.1, 'e': 0.0647505365106583}",25,7,19.88155205,"{0: 17, 1: 0, 2: 1, 3: 0, 4: 0}",1
314,FALSE,"{'a': 0.1, 'e': 0.06423253221857303}",30,0,46.18694074,"{0: 30, 1: 0, 2: 0, 3: 0, 4: 0}",0
315,FALSE,"{'a': 0.1, 'e': 0.06371867196082444}",25,9,-15.44779961,"{0: 15, 1: 0, 2: 0, 3: 0, 4: 1}",1
316,FALSE,"{'a': 0.1, 'e': 0.06320892258513786}",30,18,0.584907117,"{0: 11, 1: 0, 2: 0, 3: 1, 4: 0}",1
317,FALSE,"{'a': 0.1, 'e': 0.06270325120445674}",20,12,15.50162845,"{0: 8, 1: 0, 2: 0, 3: 0, 4: 0}",1
318,FALSE,"{'a': 0.1, 'e': 0.062201625194821086}",20,4,29.78212986,"{0: 16, 1: 0, 2: 0, 3: 0, 4: 0}",1
319,FALSE,"{'a': 0.1, 'e': 0.06170401219326252}",20,0,16.24651156,"{0: 18, 1: 2, 2: 0, 3: 0, 4: 0}",0
320,FALSE,"{'a': 0.1, 'e': 0.06121038009571642}",20,0,23.1534955,"{0: 19, 1: 0, 2: 1, 3: 0, 4: 0}",0
321,FALSE,"{'a': 0.1, 'e': 0.060720697054950694}",20,2,17.79823743,"{0: 17, 1: 0, 2: 1, 3: 0, 4: 0}",1
322,FALSE,"{'a': 0.1, 'e': 0.06023493147851108}",30,16,21.57648146,"{0: 13, 1: 1, 2: 0, 3: 0, 4: 0}",1
323,FALSE,"{'a': 0.1, 'e': 0.059753052026683}",20,8,23.42032188,"{0: 12, 1: 0, 2: 0, 3: 0, 4: 0}",1
324,FALSE,"{'a': 0.1, 'e': 0.05927502761046952}",20,6,-19.3166787,"{0: 13, 1: 0, 2: 0, 3: 0, 4: 1}",1
325,FALSE,"{'a': 0.1, 'e': 0.05880082738958578}",20,3,27.39393296,"{0: 17, 1: 0, 2: 0, 3: 0, 4: 0}",1
326,FALSE,"{'a': 0.1, 'e': 0.058330420770469085}",20,0,8.520178378,"{0: 18, 1: 0, 2: 2, 3: 0, 4: 0}",0
327,FALSE,"{'a': 0.1, 'e': 0.05786377740430533}",30,12,11.20677663,"{0: 16, 1: 1, 2: 1, 3: 0, 4: 0}",1
328,FALSE,"{'a': 0.1, 'e': 0.0574008671850709}",25,14,19.58203278,"{0: 11, 1: 0, 2: 0, 3: 0, 4: 0}",1
329,FALSE,"{'a': 0.1, 'e': 0.05694166024759032}",25,15,-23.21225259,"{0: 9, 1: 0, 2: 0, 3: 0, 4: 1}",1
330,FALSE,"{'a': 0.1, 'e': 0.0564861269656096}",20,0,21.81264801,"{0: 19, 1: 1, 2: 0, 3: 0, 4: 0}",0
331,FALSE,"{'a': 0.1, 'e': 0.05603423794988473}",25,3,17.47864173,"{0: 21, 1: 0, 2: 0, 3: 1, 4: 0}",1
332,FALSE,"{'a': 0.1, 'e': 0.055585964046285644}",20,7,-71.95538652,"{0: 10, 1: 0, 2: 1, 3: 0, 4: 2}",1
333,FALSE,"{'a': 0.1, 'e': 0.05514127633391536}",20,5,17.81694055,"{0: 14, 1: 0, 2: 1, 3: 0, 4: 0}",1
334,FALSE,"{'a': 0.1, 'e': 0.05470014612324403}",25,12,25.67325943,"{0: 13, 1: 0, 2: 0, 3: 0, 4: 0}",1
335,FALSE,"{'a': 0.1, 'e': 0.054262544954258085}",20,12,13.8238044,"{0: 8, 1: 0, 2: 0, 3: 0, 4: 0}",1
336,FALSE,"{'a': 0.1, 'e': 0.05382844459462402}",25,17,3.234674391,"{0: 7, 1: 0, 2: 1, 3: 0, 4: 0}",1
337,FALSE,"{'a': 0.1, 'e': 0.05339781703786703}",25,16,14.18866653,"{0: 9, 1: 0, 2: 0, 3: 0, 4: 0}",1
338,FALSE,"{'a': 0.1, 'e': 0.052970634501564084}",25,11,-30.44043255,"{0: 12, 1: 0, 2: 1, 3: 0, 4: 1}",1
339,FALSE,"{'a': 0.1, 'e': 0.05254686942555157}",20,11,9.432787087,"{0: 8, 1: 1, 2: 0, 3: 0, 4: 0}",1
340,FALSE,"{'a': 0.1, 'e': 0.05212649447014716}",25,5,28.13432943,"{0: 20, 1: 0, 2: 0, 3: 0, 4: 0}",1
341,FALSE,"{'a': 0.1, 'e': 0.051709482514385986}",25,18,11.4124525,"{0: 7, 1: 0, 2: 0, 3: 0, 4: 0}",1
342,FALSE,"{'a': 0.1, 'e': 0.051295806654270894}",30,10,33.9817396,"{0: 20, 1: 0, 2: 0, 3: 0, 4: 0}",1
343,FALSE,"{'a': 0.1, 'e': 0.050885440201036726}",30,12,31.68110501,"{0: 18, 1: 0, 2: 0, 3: 0, 4: 0}",1
344,FALSE,"{'a': 0.1, 'e': 0.05047835667942844}",20,8,-18.58870861,"{0: 11, 1: 0, 2: 0, 3: 0, 4: 1}",1
345,FALSE,"{'a': 0.1, 'e': 0.05007452982599301}",20,3,31.17275191,"{0: 17, 1: 0, 2: 0, 3: 0, 4: 0}",1
346,FALSE,"{'a': 0.1, 'e': 0.04967393358738506}",20,6,14.72899508,"{0: 13, 1: 1, 2: 0, 3: 0, 4: 0}",1
347,FALSE,"{'a': 0.1, 'e': 0.049276542118685984}",20,0,29.26909347,"{0: 20, 1: 0, 2: 0, 3: 0, 4: 0}",0
348,FALSE,"{'a': 0.1, 'e': 0.04888232978173649}",20,0,26.46616401,"{0: 19, 1: 1, 2: 0, 3: 0, 4: 0}",0
349,FALSE,"{'a': 0.1, 'e': 0.0484912711434826}",25,14,18.84796239,"{0: 11, 1: 0, 2: 0, 3: 0, 4: 0}",1
350,FALSE,"{'a': 0.1, 'e': 0.048103340974334746}",35,14,-7.860621319,"{0: 19, 1: 1, 2: 0, 3: 0, 4: 1}",1
351,FALSE,"{'a': 0.1, 'e': 0.04771851424654006}",30,18,20.96264907,"{0: 12, 1: 0, 2: 0, 3: 0, 4: 0}",1
352,FALSE,"{'a': 0.1, 'e': 0.04733676613256774}",20,9,17.30299601,"{0: 11, 1: 0, 2: 0, 3: 0, 4: 0}",1
353,FALSE,"{'a': 0.1, 'e': 0.0469580720035072}",25,10,26.77815843,"{0: 15, 1: 0, 2: 0, 3: 0, 4: 0}",1
354,FALSE,"{'a': 0.1, 'e': 0.04658240742747914}",20,0,30.67730403,"{0: 20, 1: 0, 2: 0, 3: 0, 4: 0}",0
355,FALSE,"{'a': 0.1, 'e': 0.04620974816805931}",25,0,25.1136594,"{0: 24, 1: 0, 2: 1, 3: 0, 4: 0}",0
356,FALSE,"{'a': 0.1, 'e': 0.04584007018271483}",25,10,20.83186946,"{0: 15, 1: 0, 2: 0, 3: 0, 4: 0}",1
357,FALSE,"{'a': 0.1, 'e': 0.045473349621253115}",25,0,30.49861018,"{0: 25, 1: 0, 2: 0, 3: 0, 4: 0}",0
358,FALSE,"{'a': 0.1, 'e': 0.045109562824283085}",30,8,39.49765654,"{0: 22, 1: 0, 2: 0, 3: 0, 4: 0}",1
359,FALSE,"{'a': 0.1, 'e': 0.044748686321688824}",25,9,25.04588807,"{0: 16, 1: 0, 2: 0, 3: 0, 4: 0}",1
360,FALSE,"{'a': 0.1, 'e': 0.044390696831115316}",25,17,15.08687363,"{0: 8, 1: 0, 2: 0, 3: 0, 4: 0}",1
361,FALSE,"{'a': 0.1, 'e': 0.04403557125646639}",25,13,24.3231425,"{0: 12, 1: 0, 2: 0, 3: 0, 4: 0}",1
362,FALSE,"{'a': 0.1, 'e': 0.04368328668641466}",30,17,-29.2811588,"{0: 11, 1: 0, 2: 1, 3: 0, 4: 1}",1
363,FALSE,"{'a': 0.1, 'e': 0.04333382039292334}",20,13,14.84836856,"{0: 7, 1: 0, 2: 0, 3: 0, 4: 0}",1
364,FALSE,"{'a': 0.1, 'e': 0.042987149829779955}",20,0,33.53926474,"{0: 20, 1: 0, 2: 0, 3: 0, 4: 0}",1
365,FALSE,"{'a': 0.1, 'e': 0.042643252631141715}",25,12,22.83545725,"{0: 13, 1: 0, 2: 0, 3: 0, 4: 0}",1
366,FALSE,"{'a': 0.1, 'e': 0.04230210661009258}",25,0,33.64856437,"{0: 25, 1: 0, 2: 0, 3: 0, 4: 0}",0
367,FALSE,"{'a': 0.1, 'e': 0.04196368975721184}",25,15,15.81573882,"{0: 10, 1: 0, 2: 0, 3: 0, 4: 0}",1
368,FALSE,"{'a': 0.1, 'e': 0.04162798023915415}",20,10,19.99717937,"{0: 10, 1: 0, 2: 0, 3: 0, 4: 0}",1
369,FALSE,"{'a': 0.1, 'e': 0.04129495639724091}",25,7,29.33978612,"{0: 18, 1: 0, 2: 0, 3: 0, 4: 0}",1
370,FALSE,"{'a': 0.1, 'e': 0.04096459674606298}",20,0,-23.46229616,"{0: 18, 1: 0, 2: 1, 3: 0, 4: 1}",0
371,FALSE,"{'a': 0.1, 'e': 0.040636879972094475}",25,6,-17.76202968,"{0: 18, 1: 0, 2: 0, 3: 0, 4: 1}",1
372,FALSE,"{'a': 0.1, 'e': 0.040311784932317726}",25,8,28.00324378,"{0: 17, 1: 0, 2: 0, 3: 0, 4: 0}",1
373,FALSE,"{'a': 0.1, 'e': 0.03998929065285918}",30,14,17.90622525,"{0: 15, 1: 0, 2: 1, 3: 0, 4: 0}",1
374,FALSE,"{'a': 0.1, 'e': 0.039669376327636306}",20,13,11.55239796,"{0: 7, 1: 0, 2: 0, 3: 0, 4: 0}",1
375,FALSE,"{'a': 0.1, 'e': 0.039352021317015214}",20,0,32.57875217,"{0: 20, 1: 0, 2: 0, 3: 0, 4: 0}",0
376,FALSE,"{'a': 0.1, 'e': 0.0390372051464791}",20,12,6.011802294,"{0: 7, 1: 0, 2: 1, 3: 0, 4: 0}",1
377,FALSE,"{'a': 0.1, 'e': 0.038724907505307264}",20,3,27.49676744,"{0: 17, 1: 0, 2: 0, 3: 0, 4: 0}",1
378,FALSE,"{'a': 0.1, 'e': 0.038415108245264805}",20,0,18.12428013,"{0: 19, 1: 0, 2: 1, 3: 0, 4: 0}",0
379,FALSE,"{'a': 0.1, 'e': 0.038107787379302684}",30,21,16.3871751,"{0: 9, 1: 0, 2: 0, 3: 0, 4: 0}",1
380,FALSE,"{'a': 0.1, 'e': 0.037802925080268265}",20,0,24.08072663,"{0: 20, 1: 0, 2: 0, 3: 0, 4: 0}",0
381,FALSE,"{'a': 0.1, 'e': 0.03750050167962612}",20,6,22.45454607,"{0: 14, 1: 0, 2: 0, 3: 0, 4: 0}",1
382,FALSE,"{'a': 0.1, 'e': 0.0372004976661891}",30,7,35.43929296,"{0: 23, 1: 0, 2: 0, 3: 0, 4: 0}",1
383,FALSE,"{'a': 0.1, 'e': 0.03690289368485959}",20,0,3.891521502,"{0: 19, 1: 0, 2: 0, 3: 1, 4: 0}",0
384,FALSE,"{'a': 0.1, 'e': 0.036607670535380714}",35,0,37.40836179,"{0: 34, 1: 0, 2: 1, 3: 0, 4: 0}",0
385,FALSE,"{'a': 0.1, 'e': 0.03631480917109767}",30,7,34.81084229,"{0: 23, 1: 0, 2: 0, 3: 0, 4: 0}",1
386,FALSE,"{'a': 0.1, 'e': 0.03602429069772889}",25,7,10.9957173,"{0: 17, 1: 0, 2: 0, 3: 1, 4: 0}",1
387,FALSE,"{'a': 0.1, 'e': 0.03573609637214706}",20,10,18.40391329,"{0: 10, 1: 0, 2: 0, 3: 0, 4: 0}",1
388,FALSE,"{'a': 0.1, 'e': 0.03545020760116988}",25,12,23.8483652,"{0: 13, 1: 0, 2: 0, 3: 0, 4: 0}",1
389,FALSE,"{'a': 0.1, 'e': 0.03516660594036052}",30,16,4.816529366,"{0: 13, 1: 0, 2: 0, 3: 1, 4: 0}",1
390,FALSE,"{'a': 0.1, 'e': 0.03488527309283764}",20,0,24.29249488,"{0: 20, 1: 0, 2: 0, 3: 0, 4: 0}",0
391,FALSE,"{'a': 0.1, 'e': 0.034606190908094935}",20,0,29.7960644,"{0: 20, 1: 0, 2: 0, 3: 0, 4: 0}",0
392,FALSE,"{'a': 0.1, 'e': 0.03432934138083018}",20,0,-6.125803343,"{0: 19, 1: 0, 2: 0, 3: 0, 4: 1}",1
393,FALSE,"{'a': 0.1, 'e': 0.03405470664978354}",25,7,29.53248029,"{0: 18, 1: 0, 2: 0, 3: 0, 4: 0}",1
394,FALSE,"{'a': 0.1, 'e': 0.03378226899658526}",20,6,20.94301129,"{0: 14, 1: 0, 2: 0, 3: 0, 4: 0}",1
395,FALSE,"{'a': 0.1, 'e': 0.03351201084461258}",20,0,28.69736271,"{0: 20, 1: 0, 2: 0, 3: 0, 4: 0}",1
396,FALSE,"{'a': 0.1, 'e': 0.03324391475785568}",20,12,12.89615343,"{0: 8, 1: 0, 2: 0, 3: 0, 4: 0}",1
397,FALSE,"{'a': 0.1, 'e': 0.03297796343979283}",20,8,22.49323668,"{0: 12, 1: 0, 2: 0, 3: 0, 4: 0}",1
398,FALSE,"{'a': 0.1, 'e': 0.032714139732274494}",20,3,26.4351495,"{0: 17, 1: 0, 2: 0, 3: 0, 4: 0}",1
399,FALSE,"{'a': 0.1, 'e': 0.032452426614416295}",30,16,27.21388918,"{0: 14, 1: 0, 2: 0, 3: 0, 4: 0}",1
400,FALSE,"{'a': 0.1, 'e': 0.032192807201500966}",30,20,15.75241754,"{0: 10, 1: 0, 2: 0, 3: 0, 4: 0}",1
401,FALSE,"{'a': 0.1, 'e': 0.03193526474388896}",25,8,30.63054476,"{0: 17, 1: 0, 2: 0, 3: 0, 4: 0}",1
402,FALSE,"{'a': 0.1, 'e': 0.03167978262593785}",30,17,16.63020263,"{0: 12, 1: 1, 2: 0, 3: 0, 4: 0}",1
403,FALSE,"{'a': 0.1, 'e': 0.031426344364930345}",20,0,26.59858242,"{0: 20, 1: 0, 2: 0, 3: 0, 4: 0}",0
404,FALSE,"{'a': 0.1, 'e': 0.031174933610010905}",30,0,48.59005122,"{0: 30, 1: 0, 2: 0, 3: 0, 4: 0}",0
405,FALSE,"{'a': 0.1, 'e': 0.030925534141130813}",25,0,42.24511145,"{0: 25, 1: 0, 2: 0, 3: 0, 4: 0}",0
406,FALSE,"{'a': 0.1, 'e': 0.030678129868001766}",30,21,18.93674166,"{0: 9, 1: 0, 2: 0, 3: 0, 4: 0}",1
407,FALSE,"{'a': 0.1, 'e': 0.03043270482905775}",25,0,24.20747706,"{0: 24, 1: 0, 2: 0, 3: 0, 4: 0}",0
408,FALSE,"{'a': 0.1, 'e': 0.03018924319042529}",25,0,-5.262569911,"{0: 24, 1: 0, 2: 0, 3: 0, 4: 1}",0
409,FALSE,"{'a': 0.1, 'e': 0.02994772924490189}",25,14,18.59634802,"{0: 11, 1: 0, 2: 0, 3: 0, 4: 0}",1
1,TRUE,"{'a': 0, 'e': 0}",20,13,14.55359061,"{0: 7, 1: 0, 2: 0, 3: 0, 4: 0}",1
2,TRUE,"{'a': 0, 'e': 0}",20,0,26.39097688,"{0: 20, 1: 0, 2: 0, 3: 0, 4: 0}",1
3,TRUE,"{'a': 0, 'e': 0}",20,10,15.58832891,"{0: 10, 1: 0, 2: 0, 3: 0, 4: 0}",1
4,TRUE,"{'a': 0, 'e': 0}",30,0,50.95195215,"{0: 30, 1: 0, 2: 0, 3: 0, 4: 0}",1
5,TRUE,"{'a': 0, 'e': 0}",35,0,49.33096387,"{0: 35, 1: 0, 2: 0, 3: 0, 4: 0}",0
6,TRUE,"{'a': 0, 'e': 0}",20,2,34.2331179,"{0: 18, 1: 0, 2: 0, 3: 0, 4: 0}",1
7,TRUE,"{'a': 0, 'e': 0}",30,17,22.21823831,"{0: 13, 1: 0, 2: 0, 3: 0, 4: 0}",1
8,TRUE,"{'a': 0, 'e': 0}",20,9,18.94731715,"{0: 11, 1: 0, 2: 0, 3: 0, 4: 0}",1
9,TRUE,"{'a': 0, 'e': 0}",25,9,27.00195501,"{0: 16, 1: 0, 2: 0, 3: 0, 4: 0}",1
10,TRUE,"{'a': 0, 'e': 0}",20,0,28.60978495,"{0: 20, 1: 0, 2: 0, 3: 0, 4: 0}",1
11,TRUE,"{'a': 0, 'e': 0}",25,17,-7.795380498,"{0: 7, 1: 0, 2: 0, 3: 0, 4: 0}",1
12,TRUE,"{'a': 0, 'e': 0}",20,13,14.29001448,"{0: 7, 1: 0, 2: 0, 3: 0, 4: 0}",1
13,TRUE,"{'a': 0, 'e': 0}",20,6,27.05114311,"{0: 14, 1: 0, 2: 0, 3: 0, 4: 0}",1
14,TRUE,"{'a': 0, 'e': 0}",20,0,31.15056983,"{0: 2, 1: 0, 2: 0, 3: 0, 4: 0}",0
15,TRUE,"{'a': 0, 'e': 0}",20,16,6.269345917,"{0: 4, 1: 0, 2: 0, 3: 0, 4: 0}",1
16,TRUE,"{'a': 0, 'e': 0}",20,12,12.62368902,"{0: 8, 1: 0, 2: 0, 3: 0, 4: 0}",1
17,TRUE,"{'a': 0, 'e': 0}",20,10,15.1360953,"{0: 10, 1: 0, 2: 0, 3: 0, 4: 0}",1
18,TRUE,"{'a': 0, 'e': 0}",25,17,14.10199054,"{0: 8, 1: 0, 2: 0, 3: 0, 4: 0}",1
19,TRUE,"{'a': 0, 'e': 0}",35,16,31.40743686,"{0: 19, 1: 0, 2: 0, 3: 0, 4: 0}",1
20,TRUE,"{'a': 0, 'e': 0}",20,9,21.75509466,"{0: 11, 1: 0, 2: 0, 3: 0, 4: 0}",1
